[
  {
    "shortDescription" : "Stable Diffusion generates images conditioned on text and\/or other images as input through the diffusion process. Please refer to https:\/\/arxiv.org\/abs\/2112.10752 for details.",
    "metadataOutputVersion" : "3.0",
    "outputSchema" : [
      {
        "hasShapeFlexibility" : "0",
        "isOptional" : "0",
        "dataType" : "Float32",
        "formattedType" : "MultiArray (Float32)",
        "shortDescription" : "The latent embeddings from the unet model from the input image.",
        "shape" : "[]",
        "name" : "latent",
        "type" : "MultiArray"
      }
    ],
    "version" : ".\/diffusers",
    "modelParameters" : [

    ],
    "author" : "Please refer to the Model Card available at huggingface.co\/.\/diffusers",
    "specificationVersion" : 7,
    "storagePrecision" : "Float16",
    "license" : "OpenRAIL (https:\/\/huggingface.co\/spaces\/CompVis\/stable-diffusion-license)",
    "mlProgramOperationTypeHistogram" : {
      "Pad" : 3,
      "Ios16.cast" : 1,
      "Ios16.mul" : 2,
      "Ios16.sqrt" : 22,
      "Ios16.sub" : 22,
      "Transpose" : 6,
      "Ios16.conv" : 28,
      "Ios16.add" : 34,
      "Ios16.linear" : 4,
      "Ios16.matmul" : 2,
      "Ios16.realDiv" : 22,
      "Ios16.reduceMean" : 44,
      "Ios16.softmax" : 1,
      "Ios16.batchNorm" : 21,
      "Ios16.square" : 22,
      "Ios16.reshape" : 49,
      "Ios16.silu" : 21
    },
    "computePrecision" : "Mixed (Float32, Float16, Int32)",
    "isUpdatable" : "0",
    "availability" : {
      "macOS" : "13.0",
      "tvOS" : "16.0",
      "watchOS" : "9.0",
      "iOS" : "16.0",
      "macCatalyst" : "16.0"
    },
    "modelType" : {
      "name" : "MLModelType_mlProgram"
    },
    "inputSchema" : [
      {
        "hasShapeFlexibility" : "0",
        "isOptional" : "0",
        "dataType" : "Float16",
        "formattedType" : "MultiArray (Float16 1 × 3 × 768 × 512)",
        "shortDescription" : "The input image to base the initial latents on normalized to range [-1, 1]",
        "shape" : "[1, 3, 768, 512]",
        "name" : "z",
        "type" : "MultiArray"
      }
    ],
    "userDefinedMetadata" : {
      "com.github.apple.coremltools.version" : "7.0b1",
      "com.github.apple.coremltools.source" : "torch==2.0.1"
    },
    "generatedClassName" : "Stable_Diffusion_version___diffusers_vae_encoder",
    "method" : "predict"
  }
]